{"cameraMode":{"drawMode":0,"name":"Shaded","section":"Shading Mode"},"sceneLighting":false,"audioPlay":false,"sceneViewState":{"showFog":true,"showMaterialUpdate":true,"showSkybox":false,"showFlares":true,"showImageEffects":true,"showParticleSystems":true},"in2DMode":false,"pivot":{"x":-0.7228221893310547,"y":-1.1015081405639649,"z":32.936920166015628},"rotation":{"x":0.5231677889823914,"y":-0.3050380051136017,"z":0.20774760842323304,"w":0.7681721448898315},"size":11.870697975158692,"orthographic":false}