{"cameraMode":{"drawMode":0,"name":"Shaded","section":"Shading Mode"},"sceneLighting":false,"audioPlay":false,"sceneViewState":{"showFog":true,"showMaterialUpdate":true,"showSkybox":false,"showFlares":true,"showImageEffects":true,"showParticleSystems":true},"in2DMode":false,"pivot":{"x":-0.5488805174827576,"y":-0.37759649753570559,"z":0.999753475189209},"rotation":{"x":0.4310789704322815,"y":0.14905951917171479,"z":-0.07244526594877243,"w":0.8869639039039612},"size":2.5655949115753176,"orthographic":false}