{"cameraMode":{"drawMode":0,"name":"Shaded","section":"Shading Mode"},"sceneLighting":false,"audioPlay":false,"sceneViewState":{"showFog":true,"showMaterialUpdate":true,"showSkybox":false,"showFlares":true,"showImageEffects":true,"showParticleSystems":true},"in2DMode":false,"pivot":{"x":27.896209716796876,"y":-0.6528711318969727,"z":-18.182994842529298},"rotation":{"x":0.5231677889823914,"y":-0.3050380051136017,"z":0.20774760842323304,"w":0.7681721448898315},"size":7.6890177726745609,"orthographic":false}