{"cameraMode":{"drawMode":0,"name":"Shaded","section":"Shading Mode"},"sceneLighting":false,"audioPlay":false,"sceneViewState":{"showFog":true,"showMaterialUpdate":true,"showSkybox":false,"showFlares":true,"showImageEffects":true,"showParticleSystems":true},"in2DMode":false,"pivot":{"x":-0.000009153969585895538,"y":0.035754892975091937,"z":0.004292398691177368},"rotation":{"x":0.027746252715587617,"y":-0.9631147384643555,"z":0.2442827969789505,"w":0.10939323157072067},"size":0.06158016249537468,"orthographic":true}