{"cameraMode":{"drawMode":0,"name":"Shaded","section":"Shading Mode"},"sceneLighting":true,"audioPlay":false,"sceneViewState":{"showFog":true,"showMaterialUpdate":true,"showSkybox":true,"showFlares":true,"showImageEffects":true,"showParticleSystems":true},"in2DMode":false,"pivot":{"x":0.3940226137638092,"y":56.80390167236328,"z":1.3164221048355103},"rotation":{"x":0.6234661340713501,"y":0.04332829639315605,"z":-0.03463725000619888,"w":0.7798820734024048},"size":56.207183837890628,"orthographic":true}