{"cameraMode":{"drawMode":0,"name":"Shaded","section":"Shading Mode"},"sceneLighting":false,"audioPlay":false,"sceneViewState":{"showFog":true,"showMaterialUpdate":true,"showSkybox":false,"showFlares":true,"showImageEffects":true,"showParticleSystems":true},"in2DMode":false,"pivot":{"x":-1.7881393432617188e-7,"y":0.7676230669021606,"z":-2.384185791015625e-7},"rotation":{"x":0.09389936178922653,"y":0.5199326276779175,"z":-0.05763062462210655,"w":0.8470796942710877},"size":1.2204258441925049,"orthographic":true}